"State","unemp_pre","unemp_17","unemp_19","unemp_post","unemp_20","unemp_22"
"AL",-0.9,4,3.1,-2.2,4.5,2.3
"AK",-1.4,6.6,5.2,-3.1,7.1,4
"AZ",-0.2,4.9,4.7,-2.8,6.5,3.7
"AR",-0.3,3.8,3.5,-2,5,3
"CA",-0.4,4.5,4.1,-4.6,9,4.4
"CO",-0.1,2.9,2.8,-3.4,6.4,3
"CT",-0.6,4.3,3.7,-3.9,7.4,3.5
"DE",-0.6,4.2,3.6,-1.6,5.6,4
"DC",-0.5,5.9,5.4,-3.1,7.8,4.7
"FL",-1,4,3,-3.3,6.2,2.9
"GA",-0.9,4.4,3.5,-1.8,5.1,3.3
"HI",0.2,2,2.2,-7,10.2,3.2
"ID",-0.3,3.1,2.8,-1.2,4.2,3
"IL",-1.1,4.7,3.6,-3.1,7.6,4.5
"IN",0,3.3,3.3,-1.7,5,3.3
"IA",-0.2,2.9,2.7,-1.2,4.2,3
"KS",-0.4,3.5,3.1,-1.5,4.4,2.9
"KY",-0.3,4.3,4,-0.6,4.7,4.1
"LA",0.0999999999999996,4.7,4.8,-3.8,7.4,3.6
"ME",0,3.1,3.1,-1.6,4.2,2.6
"MD",-0.9,4.1,3.2,-4.2,6.6,2.4
"MA",-0.7,3.7,3,-3.9,7.4,3.5
"MI",-0.8,4.6,3.8,-2.8,6.9,4.1
"MN",0.2,3.2,3.4,-2,4.8,2.8
"MS",0.6,4.9,5.5,-3,6.5,3.5
"MO",-0.2,3.6,3.4,-2.2,5,2.8
"MT",-0.5,4,3.5,-1.7,4.2,2.5
"NE",0.1,3,3.1,-0.8,3,2.2
"NV",-0.7,4.8,4.1,-4.3,9.6,5.3
"NH",-0.3,2.8,2.5,-2.1,4.6,2.5
"NJ",-0.6,4.5,3.9,-3.5,7.3,3.8
"NM",-0.4,5.4,5,-4.8,8.4,3.6
"NY",-0.6,4.6,4,-4.6,8.7,4.1
"NC",-0.6,4.3,3.7,-2.2,5.8,3.6
"ND",-0.6,2.6,2,-2.3,4.4,2.1
"OH",-0.3,4.6,4.3,-2.4,6.3,3.9
"OK",-0.7,3.8,3.1,-2.1,5.2,3.1
"OR",-0.7,4.1,3.4,-2.5,6.5,4
"PA",-0.5,4.9,4.4,-3.7,7.6,3.9
"RI",-1.1,4.5,3.4,-4,7,3
"SC",-1.4,4,2.6,-1.8,4.9,3.1
"SD",-0.4,3,2.6,-1.1,3,1.9
"TN",-0.1,3.5,3.4,-2.2,5.6,3.4
"TX",-0.6,4.1,3.5,-2.9,6.9,4
"UT",-0.7,3.1,2.4,-1.1,3.6,2.5
"VT",-0.7,2.8,2.1,-2.1,4.3,2.2
"VA",-0.7,3.4,2.7,-2.1,5,2.9
"WA",-0.9,4.6,3.7,-2.5,6.7,4.2
"WV",-0.300000000000001,5.4,5.1,-2.8,6.4,3.6
"WI",0.2,3,3.2,-2.2,4.8,2.6
"WY",0,4.2,4.2,-2,5.4,3.4
NA,-1.7,10.7,9,-3.3,9.3,6
